Comune,Provincia
Agra,Varese
Albizzate,Varese
Angera,Varese
Arcisate,Varese
Arsago Seprio,Varese
Azzate,Varese
Azzio,Varese
Barasso,Varese
Bardello con Malgesso e Bregano,Varese
Bedero Valcuvia,Varese
Besano,Varese
Besnate,Varese
Besozzo,Varese
Biandronno,Varese
Bisuschio,Varese
Bodio Lomnago,Varese
Brebbia,Varese
Brenta,Varese
Brezzo di Bedero,Varese
Brinzio,Varese
Brissago-Valtravaglia,Varese
Brunello,Varese
Brusimpiano,Varese
Buguggiate,Varese
Busto Arsizio,Varese
Cadegliano Viconago,Varese
Cairate,Varese
Cantello,Varese
Caravate,Varese
Cardano al Campo,Varese
Carnago,Varese
Caronno Pertusella,Varese
Caronno Varesino,Varese
Casale Litta,Varese
Casalzuigno,Varese
Casciago,Varese
Casorate Sempione,Varese
Cassano Magnago,Varese
Cassano Valcuvia,Varese
Castellanza,Varese
Castello Cabiaglio,Varese
Castelseprio,Varese
Castelveccana,Varese
Castiglione Olona,Varese
Castronno,Varese
Cavaria con Premezzo,Varese
Cazzago Brabbia,Varese
Cislago,Varese
Cittiglio,Varese
Clivio,Varese
Cocquio-Trevisago,Varese
Comabbio,Varese
Comerio,Varese
Cremenaga,Varese
Crosio della Valle,Varese
Cuasso al Monte,Varese
Cugliate-Fabiasco,Varese
Cunardo,Varese
Curiglia con Monteviasco,Varese
Cuveglio,Varese
Cuvio,Varese
Daverio,Varese
Dumenza,Varese
Duno,Varese
Fagnano Olona,Varese
Ferno,Varese
Ferrera di Varese,Varese
Gallarate,Varese
Galliate Lombardo,Varese
Gavirate,Varese
Gazzada Schianno,Varese
Gemonio,Varese
Gerenzano,Varese
Germignaga,Varese
Golasecca,Varese
Gorla Maggiore,Varese
Gorla Minore,Varese
Gornate Olona,Varese
Grantola,Varese
Inarzo,Varese
Induno Olona,Varese
Ispra,Varese
Jerago con Orago,Varese
Lavena Ponte Tresa,Varese
Laveno-Mombello,Varese
Leggiuno,Varese
Lonate Ceppino,Varese
Lonate Pozzolo,Varese
Lozza,Varese
Luino,Varese
Luvinate,Varese
Maccagno con Pino e Veddasca,Varese
Malnate,Varese
Marchirolo,Varese
Marnate,Varese
Marzio,Varese
Masciago Primo,Varese
Mercallo,Varese
Mesenzana,Varese
Montegrino Valtravaglia,Varese
Monvalle,Varese
Morazzone,Varese
Mornago,Varese
Oggiona con Santo Stefano,Varese
Olgiate Olona,Varese
Origgio,Varese
Orino,Varese
Porto Ceresio,Varese
Porto Valtravaglia,Varese
Rancio Valcuvia,Varese
Ranco,Varese
Saltrio,Varese
Samarate,Varese
Sangiano,Varese
Saronno,Varese
Sesto Calende,Varese
Solbiate Arno,Varese
Solbiate Olona,Varese
Somma Lombardo,Varese
Sumirago,Varese
Taino,Varese
Ternate,Varese
Tradate,Varese
Travedona Monate,Varese
Uboldo,Varese
Valganna,Varese
Varano Borghi,Varese
Varese,Varese
Vedano Olona,Varese
Venegono Inferiore,Varese
Venegono Superiore,Varese
Vergiate,Varese
Viggiù,Varese
Vizzola Ticino,Varese
Roma,Roma
Milano,Milano
Napoli,Napoli
Torino,Torino
Palermo,Palermo
Genova,Genova
Bologna,Bologna
Firenze,Firenze
Bari,Bari
Catania,Catania
Venezia,Venezia
Verona,Verona
Messina,Messina
Padova,Padova
Trieste,Trieste
Taranto,Taranto
Brescia,Brescia
Prato,Prato
Parma,Parma
Modena,Modena
Reggio Calabria,Reggio Calabria
Reggio Emilia,Reggio Emilia
Perugia,Perugia
Livorno,Livorno
Ravenna,Ravenna
Cagliari,Cagliari
Foggia,Foggia
Rimini,Rimini
Salerno,Salerno
Ferrara,Ferrara
Sassari,Sassari
Latina,Latina
Giugliano in Campania,Napoli
Monza,Monza e Brianza
Siracusa,Siracusa
Pescara,Pescara
Bergamo,Bergamo
Forlì,Forlì-Cesena
Trento,Trento
Vicenza,Vicenza
Terni,Terni
Bolzano,Bolzano
Novara,Novara
Piacenza,Piacenza
Ancona,Ancona
Andria,Barletta-Andria-Trani
Arezzo,Arezzo
Udine,Udine
Cesena,Forlì-Cesena
La Spezia,La Spezia
Lecce,Lecce
Barletta,Barletta-Andria-Trani
Alessandria,Alessandria
Pesaro,Pesaro e Urbino
Catanzaro,Catanzaro
Pistoia,Pistoia
Brindisi,Brindisi
Como,Como
Lucca,Lucca
Pisa,Pisa
Treviso,Treviso
Marsala,Trapani
Busto Arsizio,Varese
Gallarate,Varese
Saronno,Varese
Varese,Varese
