Comune,Via,Civico
Besnate,Via Roma,
Besnate,Via Milano,
Besnate,Via Garibaldi,
Besnate,Via Verdi,
Besnate,Via Manzoni,
Besnate,Via Cavour,
Besnate,Via Matteotti,
Besnate,Via Volta,
Besnate,Via San Michele,
Besnate,Via XXV Aprile,
Besnate,Via Marconi,
Besnate,Via Dante,
Besnate,Via del Lavoro,
Besnate,Via Piave,
Besnate,Via Monte Grappa,
Besozzo,Via Roma,
Besozzo,Via Milano,
Besozzo,Via Garibaldi,
Besozzo,Via Verdi,
Besozzo,Via Manzoni,
Besozzo,Via Cavour,
Besozzo,Via Matteotti,
Besozzo,Via Volta,
Besozzo,Via San Michele,
Besozzo,Via XXV Aprile,
Besozzo,Via Marconi,
Besozzo,Via Dante,
Besozzo,Via del Lavoro,
Besozzo,Via Piave,
Besozzo,Via Monte Grappa,
Bisuschio,Via Roma,
Bisuschio,Via Milano,
Bisuschio,Via Garibaldi,
Bisuschio,Via Verdi,
Bisuschio,Via Manzoni,
Bisuschio,Via Cavour,
Bisuschio,Via Matteotti,
Bisuschio,Via Volta,
Bisuschio,Via San Michele,
Bisuschio,Via XXV Aprile,
Bisuschio,Via Marconi,
Bisuschio,Via Dante,
Bisuschio,Via del Lavoro,
Bisuschio,Via Piave,
Bisuschio,Via Monte Grappa,
Bodio Lomnago,Via Roma,
Bodio Lomnago,Via Milano,
Bodio Lomnago,Via Garibaldi,
Bodio Lomnago,Via Verdi,
Bodio Lomnago,Via Manzoni,
Bodio Lomnago,Via Cavour,
Bodio Lomnago,Via Matteotti,
Bodio Lomnago,Via Volta,
Bodio Lomnago,Via San Michele,
Bodio Lomnago,Via XXV Aprile,
Bodio Lomnago,Via Marconi,
Bodio Lomnago,Via Dante,
Bodio Lomnago,Via del Lavoro,
Bodio Lomnago,Via Piave,
Bodio Lomnago,Via Monte Grappa,
Bologna,Via Roma,
Bologna,Via Milano,
Bologna,Via Garibaldi,
Bologna,Via Verdi,
Bologna,Via Manzoni,
Bologna,Via Cavour,
Bologna,Via Matteotti,
Bologna,Via Volta,
Bologna,Via San Michele,
Bologna,Via XXV Aprile,
Bologna,Via Marconi,
Bologna,Via Dante,
Bologna,Via del Lavoro,
Bologna,Via Piave,
Bologna,Via Monte Grappa,
Brebbia,Via Roma,
Brebbia,Via Milano,
Brebbia,Via Garibaldi,
Brebbia,Via Verdi,
Brebbia,Via Manzoni,
Brebbia,Via Cavour,
Brebbia,Via Matteotti,
Brebbia,Via Volta,
Brebbia,Via San Michele,
Brebbia,Via XXV Aprile,
Brebbia,Via Marconi,
Brebbia,Via Dante,
Brebbia,Via del Lavoro,
Brebbia,Via Piave,
Brebbia,Via Monte Grappa,
Bregano,Via Roma,
Bregano,Via Milano,
Bregano,Via Garibaldi,
Bregano,Via Verdi,
Bregano,Via Manzoni,
Bregano,Via Cavour,
Bregano,Via Matteotti,
Bregano,Via Volta,
Bregano,Via San Michele,
Bregano,Via XXV Aprile,
Bregano,Via Marconi,
Bregano,Via Dante,
Bregano,Via del Lavoro,
Bregano,Via Piave,
Bregano,Via Monte Grappa,
Brinzio,Via Roma,
Brinzio,Via Milano,
Brinzio,Via Garibaldi,
Brinzio,Via Verdi,
Brinzio,Via Manzoni,
Brinzio,Via Cavour,
Brinzio,Via Matteotti,
Brinzio,Via Volta,
Brinzio,Via San Michele,
Brinzio,Via XXV Aprile,
Brinzio,Via Marconi,
Brinzio,Via Dante,
Brinzio,Via del Lavoro,
Brinzio,Via Piave,
Brinzio,Via Monte Grappa,
Brusimpiano,Via Roma,
Brusimpiano,Via Milano,
Brusimpiano,Via Garibaldi,
Brusimpiano,Via Verdi,
Brusimpiano,Via Manzoni,
Brusimpiano,Via Cavour,
Brusimpiano,Via Matteotti,
Brusimpiano,Via Volta,
Brusimpiano,Via San Michele,
Brusimpiano,Via XXV Aprile,
Brusimpiano,Via Marconi,
Brusimpiano,Via Dante,
Brusimpiano,Via del Lavoro,
Brusimpiano,Via Piave,
Brusimpiano,Via Monte Grappa,
Buguggiate,Via Roma,
Buguggiate,Via Milano,
Buguggiate,Via Garibaldi,
Buguggiate,Via Verdi,
Buguggiate,Via Manzoni,
Buguggiate,Via Cavour,
Buguggiate,Via Matteotti,
Buguggiate,Via Volta,
Buguggiate,Via San Michele,
Buguggiate,Via XXV Aprile,
Buguggiate,Via Marconi,
Buguggiate,Via Dante,
Buguggiate,Via del Lavoro,
Buguggiate,Via Piave,
Buguggiate,Via Monte Grappa,
Busto Arsizio,Via Roma,
Busto Arsizio,Via Milano,
Busto Arsizio,Via Garibaldi,
Busto Arsizio,Via Verdi,
Busto Arsizio,Via Manzoni,
Busto Arsizio,Via Cavour,
Busto Arsizio,Via Matteotti,
Busto Arsizio,Via Volta,
Busto Arsizio,Via San Michele,
Busto Arsizio,Via XXV Aprile,
Busto Arsizio,Via Marconi,
Busto Arsizio,Via Dante,
Busto Arsizio,Via del Lavoro,
Busto Arsizio,Via Piave,
Busto Arsizio,Via Monte Grappa,
Cairate,Via Roma,
Cairate,Via Milano,
Cairate,Via Garibaldi,
Cairate,Via Verdi,
Cairate,Via Manzoni,
Cairate,Via Cavour,
Cairate,Via Matteotti,
Cairate,Via Volta,
Cairate,Via San Michele,
Cairate,Via XXV Aprile,
Cairate,Via Marconi,
Cairate,Via Dante,
Cairate,Via del Lavoro,
Cairate,Via Piave,
Cairate,Via Monte Grappa,
Cantello,Via Roma,
Cantello,Via Milano,
Cantello,Via Garibaldi,
Cantello,Via Verdi,
Cantello,Via Manzoni,
Cantello,Via Cavour,
Cantello,Via Matteotti,
Cantello,Via Volta,
Cantello,Via San Michele,
Cantello,Via XXV Aprile,
Cantello,Via Marconi,
Cantello,Via Dante,
Cantello,Via del Lavoro,
Cantello,Via Piave,
Cantello,Via Monte Grappa,
Caravate,Via Roma,
Caravate,Via Milano,
Caravate,Via Garibaldi,
Caravate,Via Verdi,
Caravate,Via Manzoni,
Caravate,Via Cavour,
Caravate,Via Matteotti,
Caravate,Via Volta,
Caravate,Via San Michele,
Caravate,Via XXV Aprile,
Caravate,Via Marconi,
Caravate,Via Dante,
Caravate,Via del Lavoro,
Caravate,Via Piave,
Caravate,Via Monte Grappa,
Cardano al Campo,Via Roma,
Cardano al Campo,Via Milano,
Cardano al Campo,Via Garibaldi,
Cardano al Campo,Via Verdi,
Cardano al Campo,Via Manzoni,
Cardano al Campo,Via Cavour,
Cardano al Campo,Via Matteotti,
Cardano al Campo,Via Volta,
Cardano al Campo,Via San Michele,
Cardano al Campo,Via XXV Aprile,
Cardano al Campo,Via Marconi,
Cardano al Campo,Via Dante,
Cardano al Campo,Via del Lavoro,
Cardano al Campo,Via Piave,
Cardano al Campo,Via Monte Grappa,
Carnago,Via Roma,
Carnago,Via Milano,
Carnago,Via Garibaldi,
Carnago,Via Verdi,
Carnago,Via Manzoni,
Carnago,Via Cavour,
Carnago,Via Matteotti,
Carnago,Via Volta,
Carnago,Via San Michele,
Carnago,Via XXV Aprile,
Carnago,Via Marconi,
Carnago,Via Dante,
Carnago,Via del Lavoro,
Carnago,Via Piave,
Carnago,Via Monte Grappa,
Caronno Pertusella,Via Roma,
Caronno Pertusella,Via Milano,
Caronno Pertusella,Via Garibaldi,
Caronno Pertusella,Via Verdi,
Caronno Pertusella,Via Manzoni,
Caronno Pertusella,Via Cavour,
Caronno Pertusella,Via Matteotti,
Caronno Pertusella,Via Volta,
Caronno Pertusella,Via San Michele,
Caronno Pertusella,Via XXV Aprile,
Caronno Pertusella,Via Marconi,
Caronno Pertusella,Via Dante,
Caronno Pertusella,Via del Lavoro,
Caronno Pertusella,Via Piave,
Caronno Pertusella,Via Monte Grappa,
Casale Litta,Via Roma,
Casale Litta,Via Milano,
Casale Litta,Via Garibaldi,
Casale Litta,Via Verdi,
Casale Litta,Via Manzoni,
Casale Litta,Via Cavour,
Casale Litta,Via Matteotti,
Casale Litta,Via Volta,
Casale Litta,Via San Michele,
Casale Litta,Via XXV Aprile,
Casale Litta,Via Marconi,
Casale Litta,Via Dante,
Casale Litta,Via del Lavoro,
Casale Litta,Via Piave,
Casale Litta,Via Monte Grappa,
Casalzuigno,Via Roma,
Casalzuigno,Via Milano,
Casalzuigno,Via Garibaldi,
Casalzuigno,Via Verdi,
Casalzuigno,Via Manzoni,
Casalzuigno,Via Cavour,
Casalzuigno,Via Matteotti,
Casalzuigno,Via Volta,
Casalzuigno,Via San Michele,
Casalzuigno,Via XXV Aprile,
Casalzuigno,Via Marconi,
Casalzuigno,Via Dante,
Casalzuigno,Via del Lavoro,
Casalzuigno,Via Piave,
Casalzuigno,Via Monte Grappa,
Casciago,Via Roma,
Casciago,Via Milano,
Casciago,Via Garibaldi,
Casciago,Via Verdi,
Casciago,Via Manzoni,
Casciago,Via Cavour,
Casciago,Via Matteotti,
Casciago,Via Volta,
Casciago,Via San Michele,
Casciago,Via XXV Aprile,
Casciago,Via Marconi,
Casciago,Via Dante,
Casciago,Via del Lavoro,
Casciago,Via Piave,
Casciago,Via Monte Grappa,
Cassano Magnago,Via Roma,
Cassano Magnago,Via Milano,
Cassano Magnago,Via Garibaldi,
Cassano Magnago,Via Verdi,
Cassano Magnago,Via Manzoni,
Cassano Magnago,Via Cavour,
Cassano Magnago,Via Matteotti,
Cassano Magnago,Via Volta,
Cassano Magnago,Via San Michele,
Cassano Magnago,Via XXV Aprile,
Cassano Magnago,Via Marconi,
Cassano Magnago,Via Dante,
Cassano Magnago,Via del Lavoro,
Cassano Magnago,Via Piave,
Cassano Magnago,Via Monte Grappa,
Castellanza,Via Roma,
Castellanza,Via Milano,
Castellanza,Via Garibaldi,
Castellanza,Via Verdi,
Castellanza,Via Manzoni,
Castellanza,Via Cavour,
Castellanza,Via Matteotti,
Castellanza,Via Volta,
Castellanza,Via San Michele,
Castellanza,Via XXV Aprile,
Castellanza,Via Marconi,
Castellanza,Via Dante,
Castellanza,Via del Lavoro,
Castellanza,Via Piave,
Castellanza,Via Monte Grappa,
Castello Cabiaglio,Via Roma,
Castello Cabiaglio,Via Milano,
Castello Cabiaglio,Via Garibaldi,
Castello Cabiaglio,Via Verdi,
Castello Cabiaglio,Via Manzoni,
Castello Cabiaglio,Via Cavour,
Castello Cabiaglio,Via Matteotti,
Castello Cabiaglio,Via Volta,
Castello Cabiaglio,Via San Michele,
Castello Cabiaglio,Via XXV Aprile,
Castello Cabiaglio,Via Marconi,
Castello Cabiaglio,Via Dante,
Castello Cabiaglio,Via del Lavoro,
Castello Cabiaglio,Via Piave,
Castello Cabiaglio,Via Monte Grappa,
Castelseprio,Via Roma,
Castelseprio,Via Milano,
Castelseprio,Via Garibaldi,
Castelseprio,Via Verdi,
Castelseprio,Via Manzoni,
Castelseprio,Via Cavour,
Castelseprio,Via Matteotti,
Castelseprio,Via Volta,
Castelseprio,Via San Michele,
Castelseprio,Via XXV Aprile,
Castelseprio,Via Marconi,
Castelseprio,Via Dante,
Castelseprio,Via del Lavoro,
Castelseprio,Via Piave,
Castelseprio,Via Monte Grappa,
Castelveccana,Via Roma,
Castelveccana,Via Milano,
Castelveccana,Via Garibaldi,
Castelveccana,Via Verdi,
Castelveccana,Via Manzoni,
Castelveccana,Via Cavour,
Castelveccana,Via Matteotti,
Castelveccana,Via Volta,
Castelveccana,Via San Michele,
Castelveccana,Via XXV Aprile,
Castelveccana,Via Marconi,
Castelveccana,Via Dante,
Castelveccana,Via del Lavoro,
Castelveccana,Via Piave,
Castelveccana,Via Monte Grappa,
Castiglione Olona,Via Roma,
Castiglione Olona,Via Milano,
Castiglione Olona,Via Garibaldi,
Castiglione Olona,Via Verdi,
Castiglione Olona,Via Manzoni,
Castiglione Olona,Via Cavour,
Castiglione Olona,Via Matteotti,
Castiglione Olona,Via Volta,
Castiglione Olona,Via San Michele,
Castiglione Olona,Via XXV Aprile,
Castiglione Olona,Via Marconi,
Castiglione Olona,Via Dante,
Castiglione Olona,Via del Lavoro,
Castiglione Olona,Via Piave,
Castiglione Olona,Via Monte Grappa,
Cavaria con Premezzo,Via Roma,
Cavaria con Premezzo,Via Milano,
Cavaria con Premezzo,Via Garibaldi,
Cavaria con Premezzo,Via Verdi,
Cavaria con Premezzo,Via Manzoni,
Cavaria con Premezzo,Via Cavour,
Cavaria con Premezzo,Via Matteotti,
Cavaria con Premezzo,Via Volta,
Cavaria con Premezzo,Via San Michele,
Cavaria con Premezzo,Via XXV Aprile,
Cavaria con Premezzo,Via Marconi,
Cavaria con Premezzo,Via Dante,
Cavaria con Premezzo,Via del Lavoro,
Cavaria con Premezzo,Via Piave,
Cavaria con Premezzo,Via Monte Grappa,
Cazzago Brabbia,Via Roma,
Cazzago Brabbia,Via Milano,
Cazzago Brabbia,Via Garibaldi,
Cazzago Brabbia,Via Verdi,
Cazzago Brabbia,Via Manzoni,
Cazzago Brabbia,Via Cavour,
Cazzago Brabbia,Via Matteotti,
Cazzago Brabbia,Via Volta,
Cazzago Brabbia,Via San Michele,
Cazzago Brabbia,Via XXV Aprile,
Cazzago Brabbia,Via Marconi,
Cazzago Brabbia,Via Dante,
Cazzago Brabbia,Via del Lavoro,
Cazzago Brabbia,Via Piave,
Cazzago Brabbia,Via Monte Grappa,
Cislago,Via Roma,
Cislago,Via Milano,
Cislago,Via Garibaldi,
Cislago,Via Verdi,
Cislago,Via Manzoni,
Cislago,Via Cavour,
Cislago,Via Matteotti,
Cislago,Via Volta,
Cislago,Via San Michele,
Cislago,Via XXV Aprile,
Cislago,Via Marconi,
Cislago,Via Dante,
Cislago,Via del Lavoro,
Cislago,Via Piave,
Cislago,Via Monte Grappa,
Cittiglio,Via Roma,
Cittiglio,Via Milano,
Cittiglio,Via Garibaldi,
Cittiglio,Via Verdi,
Cittiglio,Via Manzoni,
Cittiglio,Via Cavour,
Cittiglio,Via Matteotti,
Cittiglio,Via Volta,
Cittiglio,Via San Michele,
Cittiglio,Via XXV Aprile,
Cittiglio,Via Marconi,
Cittiglio,Via Dante,
Cittiglio,Via del Lavoro,
Cittiglio,Via Piave,
Cittiglio,Via Monte Grappa,
